release,movie,tagline
07/30/1966,Batman (1966),He's here big as life in a real Bat-epic
07/30/1966,Batman (1966),"From the famous character ""BATMAN"""
07/30/1966,Batman (1966),All Brand-New! Never Seen on TV!
07/30/1966,Batman (1966),Made in Spectacular Color
07/30/1966,Batman (1966),WHAM! NOW It's All on the Cinema Screens in COLOUR!
07/30/1966,Batman (1966),"FOR THE FIRST TIME ON THE MOTION PICTURE SCREEN IN COLOR! Adam West as Batman and Burt Ward as Robin together with all their fantastic derring-do and their dastardly villains, too!"
07/30/1966,Batman (1966),MEN DIE! WOMEN SIGH! Beneath that Batcape - he's all man!
02/08/1968,Planet of the Apes (1968),"Somewhere in the universe there must be something better than man. In a matter of time, an astronaut will wing through the centuries and find the answer. He may find the most terrifying one of all on the planet where apes are the rulers and man the beast."
02/08/1968,Planet of the Apes (1968),"An unusual and important motion picture from the author of ""The Bridge on the River Kwai""!"
02/08/1968,Planet of the Apes (1968),"This is Commander Taylor, Astronaut. He has landed in a world where Apes are the rulers and Man the beast. Now he is caged, tortured, risks mutilation. Because no human can remain human on the Planet of the Apes."
02/08/1968,Planet of the Apes (1968),"This is Commander Taylor, Astronaut. He has landed in a world where Apes are the rulers and Man the beast. Now he is caged, tortured, risks mutilation. Because no human can remain human on the ""Planet of the Apes""."
02/08/1968,Planet of the Apes (1968),"Somewhere in the Universe, there must be something better than man!"
02/08/1968,Planet of the Apes (1968),20th Century Fox Wants You To... Go Ape
02/08/1968,Planet of the Apes (1968),Hunted . . . haunted . . . wanted . . . like beasts of prey!
05/26/1970,Beneath the Planet of the Apes,Now civilization's final battle between man and ape is about to begin.
05/26/1970,Beneath the Planet of the Apes,The bizarre world you met in 'Planet of the Apes' was only the beginning... What lies beneath may be the end!
05/26/1970,Beneath the Planet of the Apes,An army of civilized apes...A fortress of radiation-crazed super humans...Earth's final battle is about to begin - Beneath the atomic rubble of what was once the city of New York!
05/21/1971,Escape from the Planet of the Apes,...in a democracy we do not shoot unarmed suspects on sight for a murder in which their participation is still legally unproven
05/21/1971,Escape from the Planet of the Apes,The most powerful family of the 20th Century...It's Baby Milo Who Has Washington Terrified!
05/21/1971,Escape from the Planet of the Apes,Are you ready to meet the new family that will be coming to your town?
05/21/1971,Escape from the Planet of the Apes,Meet baby Milo who has Washington terrified.
05/21/1971,Escape from the Planet of the Apes,A New Generation Of Incredible Apes In The Most Exciting Suspense Film Of Them All
06/30/1972,Conquest of the Planet of the Apes,The Newest And Biggest Yet!
06/30/1972,Conquest of the Planet of the Apes,All new! The revolt of the apes. The most awesome spectacle in the annals of science fiction!
06/15/1973,Battle for the Planet of the Apes,The final chapter in the incredible Apes saga. The most suspenseful showdown ever filmed as two civilizations battle for the right to inherit what's left of the earth!
05/25/1977,Star Wars,It's Back! The Force will be with you for three weeks only.
05/25/1977,Star Wars,May the Force be with you. One year old today.
05/25/1977,Star Wars,The force will be with you
05/25/1977,Star Wars,"Somewhere, in space, this could all be happening right now."
05/25/1977,Star Wars,The original is back.
05/25/1977,Star Wars,"A long time ago in a galaxy far, far away..."
05/25/1977,Star Wars,Coming to your galaxy this summer.
11/15/1978,The Lord of the Rings,"Come to Middle-earth, a world beyond the furthest reaches of your imagination."
11/15/1978,The Lord of the Rings,Fantasy...beyond your imagination
11/15/1978,The Lord of the Rings,A single dream is more powerful than a thousand realities
11/15/1978,The Lord of the Rings,Fantasy Beyond Your Imagination
11/15/1978,The Lord of the Rings,"One man cast a lingering spell of awe and wonder, of magical innocence overcoming evil, of simple courage conquering fear - he gave us the legend that will live forever in our minds. J.R.R. Tolkein triumphed with the perception that a single dream is more powerful than a thousand realities. Come to Middle-earth, a world beyond the furthest reaches of your imagination."
11/15/1978,The Lord of the Rings,From J.R.R. Tolkien's Magical The Lord of the Rings Trilogy
12/15/1978,Superman,You'll believe a man can fly.
12/15/1978,Superman,The movie that makes a legend come to life.
05/25/1979,Alien,In space no one can hear you scream.
05/25/1979,Alien,The Scariest Movie Ever Made. Experience it only on the big screen
05/25/1979,Alien,Sometimes the scariest things come from within
05/25/1979,Alien,"It's Alien, the 8th passenger."
05/25/1979,Alien,The scariest movie ever made... just got scarier.
05/25/1979,Alien,A word of warning...
05/25/1979,Alien,"In space no one can hear you scream... This Halloween in theatres, everyone will hear you scream"
12/07/1979,Star Trek: The Motion Picture,There is no comparison.
12/07/1979,Star Trek: The Motion Picture,The human adventure is just beginning.
12/07/1979,Star Trek: The Motion Picture,"It will startle your senses, challenge your intellect, and alter your perception of the future by taking you there."
12/07/1979,Star Trek: The Motion Picture,"A living object of infinite proportions and divine power is searching the universe for its origins, determined to find its creator, and about to encounter a 23rd century starship from Earth called Enterprise."
12/07/1979,Star Trek: The Motion Picture,"An army of technicians has been working for years to perfect this great starship. When completed, she will be superior to anything in space. But time has run out, and the ship has to depart unfinished, in search of the greatest mystery ever to confront the human race."
03/21/1980,Mad Max,He rules the roads.
03/21/1980,Mad Max,They murdered his family...... Now he's going to run them over!
03/21/1980,Mad Max,When the gangs take over the highways... pray he's out there somewhere!
03/21/1980,Mad Max,"A 400H.P. movie that runs on adrenalin, high octane and raw nerves!"
03/21/1980,Mad Max,In this hideous no-man's land - be thankful for Mad Max
03/21/1980,Mad Max,The Maximum Force of the Future
03/21/1980,Mad Max,The last law in a world gone out of control. Pray that he's out there somewhere.
03/21/1980,Mad Max,When the gangs take over the highway... ...Remember he's on your side.
03/21/1980,Mad Max,The Film That Started It All
05/21/1980,The Empire Strikes Back,The Adventure Continues...
05/21/1980,The Empire Strikes Back,The Star Wars saga continues
05/21/1980,The Empire Strikes Back,The battle continues...
12/05/1980,Flash Gordon,He'll save every one of us!!
12/05/1980,Flash Gordon,Get ready to kick some Flash.
12/05/1980,Flash Gordon,"For years, he's been the last word in professional football. Now he's Earth's only chance for a future."
12/05/1980,Flash Gordon,The greatest American hero of all time!
12/05/1980,Flash Gordon,Pathetic earthlings... Who can save you now?
06/12/1981,Raiders of the Lost Ark,Indiana Jones - the new hero from the creators of JAWS and STAR WARS.
06/12/1981,Raiders of the Lost Ark,The Return of the Great Adventure.
06/19/1981,Superman II,"Miraculously freed from eternal orbit, the three outlaws from Krypton descend to earth, for the ultimate confrontation."
06/19/1981,Superman II,The adventure continues
06/19/1981,Superman II,The three outlaws from Krypton descend to Earth to confront the Man of Steel in a cosmic battle for world supremacy.
06/19/1981,Superman II,The Man of Steel meets his match!
06/19/1981,Superman II,"The Man of Steel is back, and better than ever!"
08/07/1981,Heavy Metal,Sex and crime and rock 'n' roll!
08/07/1981,Heavy Metal,Louder and nastier then ever!
08/07/1981,Heavy Metal,A step beyond science-fiction.
08/07/1981,Heavy Metal,A universe of mystery. A universe of magic. A universe of awesome good...and terrifying evil.
08/07/1981,Heavy Metal,Columbia Pictures takes you beyond the future into a universe you've never seen before. A universe of mystery. A universe of magic. A universe of sexual fantasies. A universe of awesome good. A universe of terrifying evil.
02/19/1982,Swamp Thing,Science transformed him into a monster. Love changed him even more!
02/19/1982,Swamp Thing,The comic book legend lives!
05/14/1982,Conan the Barbarian (1982),He conquered an empire with his sword. She conquered HIM with her bare hands.
05/14/1982,Conan the Barbarian (1982),Slave. Barbarian. Warrior. Thief... Conan.
05/14/1982,Conan the Barbarian (1982),Thief Warrior Gladiator King
05/21/1982,The Road Warrior,Just one man can make a difference.
05/21/1982,The Road Warrior,Mad Max meets the challenge!
05/21/1982,The Road Warrior,Ruthless... Savage... Spectacular
05/21/1982,The Road Warrior,"In the future, cities will become deserts, roads will become battlefields and the hope of mankind will appear as a stranger."
05/21/1982,The Road Warrior,"When all that's left is one last chance, pray that he's still out there ... somewhere!"
06/04/1982,Star Trek II: The Wrath of Khan,Prepare yourself for Warp-10 excitement!
06/04/1982,Star Trek II: The Wrath of Khan,At the end of the universe lies the beginning of vengeance.
06/04/1982,Star Trek II: The Wrath of Khan,"A scientist discovered the Genesis Device. A madman stole the Genesis Device. An admiral pursued the Genesis Device. They all wanted the Genesis Device. Now, none can escape the Genesis Device."
06/04/1982,Star Trek II: The Wrath of Khan,"In the life of every warrior, there is a battle destined to be his greatest or his last. A battle that will reunite two old friends... and two old enemies. A battle between the starship Enterprise and the wrath of Khan."
06/04/1982,Star Trek II: The Wrath of Khan,"Somewhere in the darkest reaches of the universe, a battle is about to begin. A battle between good and evil, between a warrior and a madman. A battle that will take you from the end of time to the beginning of creation. A battle between the awesome power of the starship Enterprise and the wrath of Khan."
05/25/1983,Return of the Jedi,"Coming May 25, 1983 to your galaxy."
05/25/1983,Return of the Jedi,The Empire Falls....
05/25/1983,Return of the Jedi,"Return To A Galaxy Far, Far Away"
05/25/1983,Return of the Jedi,The Saga Continues.
06/17/1983,Superman III,If the world's most powerful computer can control even Superman...no one on earth is safe.
06/17/1983,Superman III,"Alexander Salkind Presents Christopher Reeve and Richard Pryor as you never seen them before. With more action, more twists, and more fun than Superman has ever had before!"
06/17/1983,Superman III,This time is gonna be the best time of all!
06/17/1983,Superman III,The world's super hero in his toughest adventure yet!
06/17/1983,Superman III,Superman vs. the king of computerized crime!
05/23/1984,Indiana Jones and the Temple of Doom,If adventure has a name... it must be Indiana Jones.
05/23/1984,Indiana Jones and the Temple of Doom,The hero is back!
05/23/1984,Indiana Jones and the Temple of Doom,Trust him.
05/23/1984,Indiana Jones and the Temple of Doom,The man in the hat is back...
06/01/1984,Star Trek III: The Search for Spock,Join the search.
06/01/1984,Star Trek III: The Search for Spock,The final voyage of the starship Enterprise.
06/01/1984,Star Trek III: The Search for Spock,A dying planet. A fight for life. The search for Spock.
06/01/1984,Star Trek III: The Search for Spock,The needs of the one outweigh the needs of the many.
06/01/1984,Star Trek III: The Search for Spock,Kirk must battle the Klingons to protect the Genesis Planet and save a friend's life.
06/29/1984,Conan the Destroyer,The most powerful legend of all is back in a new adventure.
06/29/1984,Conan the Destroyer,The Darkest Side of Magic. The Strongest Side of Man.
10/26/1984,The Terminator,I'll be back!
10/26/1984,The Terminator,"In the Year of Darkness, 2029, the rulers of this planet devised the ultimate plan. They would reshape the Future by changing the Past. The plan required something that felt no pity. No pain. No fear. Something unstoppable. They created 'THE TERMINATOR'"
10/26/1984,The Terminator,"The thing that won't die, in the nightmare that won't end."
10/26/1984,The Terminator,Your future is in its hands.
11/21/1984,Supergirl,The legend begins...
11/21/1984,Supergirl,Her legend is just beginning.
11/21/1984,Supergirl,Adventure runs in her family.
11/21/1984,Supergirl,"She has all the power of the universe, but she still has to learn about love."
11/21/1984,Supergirl,The most incredible girl you'll ever meet.
11/21/1984,Supergirl,From out of another galaxy and into your hearts comes... Supergirl
11/21/1984,Supergirl,Her first adventure on Earth.
11/21/1984,Supergirl,She'll be with you this summer.
11/21/1984,Supergirl,She taught him what it was to fly. He taught her what it was to love.
11/21/1984,Supergirl,She's traveled twenty million light years to save her home... and the adventure is just beginning.
11/21/1984,Supergirl,Get your summer off to a flying start.
11/21/1984,Supergirl,You'll believe a GIRL can fly!
11/21/1984,Supergirl,Her first great adventure.
11/21/1984,Supergirl,Adventure Runs In The Family!
07/03/1985,Back to the Future,He's the only kid ever to get into trouble before he was born.
07/03/1985,Back to the Future,He was never in time for his classes . . .Then one day he wasn't in his time at all.
07/03/1985,Back to the Future,17 year old Marty McFly got home early last night. 30 years early.
07/03/1985,Back to the Future,He was never in time for his classes... He wasn't in time for his dinner... Then one day... he wasn't in his time at all.
07/03/1985,Back to the Future,Marty McFly's having the time of his life. The only question is -- what time is it?
07/03/1985,Back to the Future,"Meet Marty McFly. He's broken the time barrier. Busted his parents' first date. And, maybe, botched his chances of ever being born."
07/03/1985,Back to the Future,Marty McFly just broke the time barrier. He's only got one week to get it fixed.
07/03/1985,Red Sonja,Heroes of their time. For all time.
07/03/1985,Red Sonja,A woman and a warrior that became a legend.
07/10/1985,Mad Max Beyond Thunderdome,Max is back...and Tina's got him!
07/10/1985,Mad Max Beyond Thunderdome,"A lone warrior searching for his destiny...a tribe of lost children waiting for a hero...in a world battling to survive, they face a woman determined to rule. Hold out for Mad Max. This is his greatest adventure."
07/10/1985,Mad Max Beyond Thunderdome,MIGHTY MAX!
07/10/1985,Mad Max Beyond Thunderdome,"The MIGHTIEST movie in town, the BIGGEST crowds, the BIGGEST entertainment on any screen!"
07/10/1985,Mad Max Beyond Thunderdome,Two men enter. One man leaves.
07/10/1985,Mad Max Beyond Thunderdome,Hold out for Mad Max. This is his greatest adventure.
07/10/1985,Mad Max Beyond Thunderdome,"A lone warrior searching for his destiny...a tribe of lost children waiting for a hero...in a world battling to survive, they face a woman determined to rule."
06/27/1986,Labyrinth,The Imagination of Jim Henson...
06/27/1986,Labyrinth,The Wizardry of George Lucas...
06/27/1986,Labyrinth,The Excitement of David Bowie...
06/27/1986,Labyrinth,"Three Extraordinary Talents take you to a World of Fantasy and Adventure, The World of Labyrinth!"
06/27/1986,Labyrinth,Where everything seems possible and nothing is what it seems.
06/27/1986,Labyrinth,A' mazing tale of never-ending fantasy.
06/27/1986,Labyrinth,Where anything is possible.
06/27/1986,Labyrinth,"Jim Henson, George Lucas and David Bowie take you into a dazzling world of fantasy and adventure."
07/18/1986,Aliens,This time there's more.
07/18/1986,Aliens,This time it's war.
07/18/1986,Aliens,There are some places in the universe you don't go alone.
07/18/1986,Aliens,"Somewhere in deepest space, all hell is breaking loose."
07/18/1986,Aliens,They're Even Scarier The Second Time Around!
08/01/1986,Howard the Duck,You will believe that a duck can talk.
08/01/1986,Howard the Duck,Trapped in a world he never made.
08/01/1986,Howard the Duck,A new breed of hero.
08/01/1986,Howard the Duck,More adventure than humanly possible.
08/08/1986,The Transformers: The Movie,"A monster planet destroys everything in its path, while Optimus Prime and Megatron battle to the death."
08/08/1986,The Transformers: The Movie,"It is the year 2005, and a new evil threatens the galaxy in the most incredible adventure you've ever seen."
08/08/1986,The Transformers: The Movie,"Two years in the making, an incredible adventure in spectacular widescreen animation."
08/08/1986,The Transformers: The Movie,It's an incredible adventure that will shock and surprise you! Don't miss it!
08/08/1986,The Transformers: The Movie,"Escape into fantasy this summer, into the incredible rock and roll adventure."
08/08/1986,The Transformers: The Movie,Beyond good. Beyond evil. Beyond your wildest imagination.
11/26/1986,Star Trek IV: The Voyage Home,How on Earth can they save the future?
11/26/1986,Star Trek IV: The Voyage Home,The crew of the starship Enterprise is coming home.
11/26/1986,Star Trek IV: The Voyage Home,"The key to saving the future, can be found only in the past."
11/26/1986,Star Trek IV: The Voyage Home,"Only the technology of the future, can save what's endangering the past."
11/26/1986,Star Trek IV: The Voyage Home,Star Date: 1986.
11/26/1986,Star Trek IV: The Voyage Home,"They travelled back where 23rd century man had never gone before. To a mad, crazy, outrageous time: 1986."
06/12/1987,Predator,"If it bleeds, we can kill it..."
06/12/1987,Predator,Nothing like it has ever been on earth before.
06/12/1987,Predator,It came for the thrill of the hunt. It picked the wrong man to hunt.
06/12/1987,Predator,Soon the hunt will begin.
06/12/1987,Predator,Nothing like it has ever been on Earth before. It came from another planet for the thrill of the hunt. It picked the wrong man.
06/12/1987,Predator,"In a part of the world where there are no rules, deep in the jungle where nothing that lives is safe, an elite rescue squad is being led by the ultimate warrior. But now, they're up against the ultimate enemy. Nothing like it has ever been on earth before. It kills for pleasure, it hunts for sport. But this time, it picked the wrong man to hunt."
06/12/1987,Predator,"We cannot see it, but it sees the heat of our bodys and the heat of our fear"
06/12/1987,Predator,"In this movie, Arnold will experience every meaning of the word '' Pain ''."
07/17/1987,RoboCop (1987),The future of law enforcement.
07/17/1987,RoboCop (1987),Part man. Part machine. All cop.
07/24/1987,Superman IV: The Quest for Peace,"Nuclear Power. In the best hands, it is dangerous. In the hands of Lex Luthor, it is pure evil. This is Superman's greatest battle. And it is for all of us."
05/20/1988,Willow,Adventure doesn't come any bigger than this.
05/20/1988,Willow,"Forget all you know, or think you know."
05/20/1988,Willow,A world where heroes come in all sizes and adventure is the greatest magic of all
05/20/1988,Willow,Beyond Good... Beyond Evil... Beyond your wildest imagination...
05/12/1989,The Return of Swamp Thing,"He's got a grudge, 'cos they turned him to sludge!"
05/12/1989,The Return of Swamp Thing,A monster of a comedy!
05/12/1989,The Return of Swamp Thing,Vicious mutants! Raw terror! Sheer nightgowns!
05/12/1989,The Return of Swamp Thing,America's favorite super hero is back in action!
05/12/1989,The Return of Swamp Thing,Why can't men be more like plants?
05/24/1989,Indiana Jones and the Last Crusade,He's back in an all new adventure. Memorial Day 1989.
05/24/1989,Indiana Jones and the Last Crusade,Have the adventure of your life keeping up with the Joneses
05/24/1989,Indiana Jones and the Last Crusade,"The man with the hat is back. And this time, he's bringing his Dad."
06/09/1989,Star Trek V: The Final Frontier,The greatest Enterprise of all is adventure.
06/09/1989,Star Trek V: The Final Frontier,Adventure and imagination will meet at the final frontier.
06/09/1989,Star Trek V: The Final Frontier,The crew of the starship Enterprise is taking you where no one has gone before.
06/09/1989,Star Trek V: The Final Frontier,"It's a place beyond mystery, beyond time, and until now, beyond reach. The last barrier in the universe is about to be broken."
06/09/1989,Star Trek V: The Final Frontier,An expedition to a remote planet. A surrender to a Vulcan renegade. An attack by an ancient enemy. A race towards the center of the galaxy.
06/23/1989,Batman (1989),Only one will claim the night.
06/23/1989,Batman (1989),Justice is always Darkest before the Dawn.
11/22/1989,Back to the Future Part II,Getting back was only the beginning.
11/22/1989,Back to the Future Part II,Synchronize your watches. The future's coming back...
11/22/1989,Back to the Future Part II,"Roads? Where we're going, we don't need roads!"
11/22/1989,Back to the Future Part II,We're Back
11/22/1989,Back to the Future Part II,Do You Remember... The Future?
11/22/1989,Back to the Future Part II,It's About Time.
03/30/1990,Teenage Mutant Ninja Turtles (1990),Heroes in a half shell!
03/30/1990,Teenage Mutant Ninja Turtles (1990),"Lean, Green And On The Screen."
03/30/1990,Teenage Mutant Ninja Turtles (1990),"They're mean, green and on the screen"
03/30/1990,Teenage Mutant Ninja Turtles (1990),This ain't no cartoon.
03/30/1990,Teenage Mutant Ninja Turtles (1990),"Lean, green and on the screen everywhere."
03/30/1990,Teenage Mutant Ninja Turtles (1990),"Hey dude, this is NO cartoon!"
05/25/1990,Back to the Future Part III,They've saved the best trip for last... But this time they may have gone too far.
06/15/1990,Dick Tracy,Their turf. Their game. Their rules. They didn't count on HIS law...
06/15/1990,Dick Tracy,I'm on my way.
06/22/1990,RoboCop 2,He's back to protect the innocent.
06/22/1990,RoboCop 2,Even in the future of law enforcement there is room for improvement.
08/24/1990,Darkman,Who is Darkman? Find out this August.
08/24/1990,Darkman,"In the darkest hour, there is a light that shines on every human being...but ONE!"
08/24/1990,Darkman,"They destroyed everything he had, everything he was. Now, crime has a new enemy and justice has a new face."
11/21/1990,Predator 2,"Pull over, park, and pray."
11/21/1990,Predator 2,Lions! Tigers! Bears! Oh my!
11/21/1990,Predator 2,He's in town with a few days to kill.
11/21/1990,Predator 2,"Silent. Invisible. Invincible. The Ultimate Hunter. This Time... Los Angeles, 1997."
11/21/1990,Predator 2,Silent. Invisible. Invincible. He's in town with a few days to kill.
11/21/1990,Predator 2,Hunting season opens again...
11/21/1990,Predator 2,The Ultimate Hunter.
11/21/1990,Predator 2,This time he's coming to a different kind of jungle
11/21/1990,Predator 2,"This Time... Los Angeles, 1997."
03/22/1991,Teenage Mutant Ninja Turtles II: The Secret of the Ooze,"Cowabunga, it's the new turtle movie."
03/22/1991,Teenage Mutant Ninja Turtles II: The Secret of the Ooze,Back by bodacious demand.
06/21/1991,The Rocketeer,"Three years before the United States declares war, Cliff Secord leads America's first battle against the Nazis."
06/21/1991,The Rocketeer,An Ordinary Man Forced to Become An Extraordinary Hero.
07/03/1991,Terminator 2: Judgment Day,It's nothing personal.
07/03/1991,Terminator 2: Judgment Day,This time he's back...for good!
07/03/1991,Terminator 2: Judgment Day,The battle for tomorrow has begun...
07/03/1991,Terminator 2: Judgment Day,Get terminated July 3rd.
07/03/1991,Terminator 2: Judgment Day,Remember the action. Remember the danger. Remember the emotion. Remember the mission. But if you think you've seen it all...look again!
07/03/1991,Terminator 2: Judgment Day,If you thought you had seen it all...look again!
07/03/1991,Terminator 2: Judgment Day,Same Make. Same Model. New Mission.
07/03/1991,Terminator 2: Judgment Day,"Hasta La Vista, Baby!"
07/03/1991,Terminator 2: Judgment Day,This time there are two.
12/06/1991,Star Trek VI: The Undiscovered Country,The battle for peace has begun.
12/06/1991,Star Trek VI: The Undiscovered Country,On the verge of peace. On the brink of war.
12/06/1991,Star Trek VI: The Undiscovered Country,An epic journey is about to begin to an undiscovered country.
12/06/1991,Star Trek VI: The Undiscovered Country,"Between war and peace, there exists the undiscovered country, the final mission."
12/06/1991,Star Trek VI: The Undiscovered Country,"The crew of the starship Enterprise fights not to win battles, but to end them forever."
05/22/1992,Alien 3,"In 1979, we discovered in space, no one can hear you scream. In 1992, we will discover, on Earth, everyone can hear you scream."
05/22/1992,Alien 3,"In 1979, it came from within. In 1986, it was gone forever. In 1992, our worst fears have come true. It's back."
05/22/1992,Alien 3,It's Back.
05/22/1992,Alien 3,The Bitch is Back
05/22/1992,Alien 3,Start running...again. The bitch is back.
05/22/1992,Alien 3,This time it's hiding in the most terrifying place of all.
05/22/1992,Alien 3,Our worst fears have come true. It's back!
05/22/1992,Alien 3,3 times the suspense. 3 times the danger. 3 times the terror.
06/19/1992,Batman Returns,"From the Sewers of Gotham, and New Villain Emerges. From the Rooftops of Gotham, the Purrrfect Enemy Comes to Life. And the Only One Who Can Save this City, is a Creature of the Night."
06/19/1992,Batman Returns,"While She Craves a Romance She can Sink Her Claws Into, He Plots a Fowl Reign of Destruction,"
06/19/1992,Batman Returns,"Above Gotham, Looms Its Greatest Hero"
06/19/1992,Batman Returns,"The Bat, the Cat, the Penguin"
06/19/1992,Batman Returns,Returns June 19
03/19/1993,Teenage Mutant Ninja Turtles III,The Most Exciting Adventure in 400 Years
03/19/1993,Teenage Mutant Ninja Turtles III,Turtles in time
03/19/1993,Teenage Mutant Ninja Turtles III,The Turtles Are Back....In Time
03/19/1993,Teenage Mutant Ninja Turtles III,They're Back in Time . . . for Their NEWEST MOVIE Adventure!
03/19/1993,Teenage Mutant Ninja Turtles III,"Ancient Japan, 1593. Without a map. Without a clue. Without a pizza."
06/11/1993,Jurassic Park,Life finds a way.
06/11/1993,Jurassic Park,Remember. Return. Relive in 3D. Celebrate the 20th Anniversary of the adventure 65 million years in the making.
06/11/1993,Jurassic Park,Welcome to...
06/11/1993,Jurassic Park,Unleash the Beasts.
06/11/1993,Jurassic Park,Caution! Alive Inside.
06/11/1993,Jurassic Park,The Park is open.
06/11/1993,Jurassic Park,An adventure 65 million years in the making.
06/11/1993,Jurassic Park,The most phenomenal discovery of our time... becomes the greatest adventure of all time.
11/05/1993,RoboCop 3,Chaos... Corruption... Civil War... He's back to lay down the law.
11/05/1993,RoboCop 3,"He's back. Back online, back on duty."
12/25/1993,Batman: Mask of the Phantasm,The Dark Knight fights to save Gotham City from its deadliest enemy.
05/13/1994,The Crow,It Can't Rain All The Time.
05/13/1994,The Crow,Nothing is trivial.
05/13/1994,The Crow,Believe in angels.
05/13/1994,The Crow,"In a world without justice, one man was chosen to protect the innocent."
05/13/1994,The Crow,Real love is forever.
05/13/1994,The Crow,Darker than the bat.
07/01/1994,The Shadow,The Shadow Knows!
07/01/1994,The Shadow,Who knows what evil lurks in the hearts of men?
07/29/1994,The Mask,S-S-S-S-S-Smokin!!!
07/29/1994,The Mask,From zero to hero
07/29/1994,The Mask,Stanley Ipkiss is not the man he used to be.
09/16/1994,Timecop,They killed his wife ten years ago. There's still time to save her. Murder is forever... until now.
09/16/1994,Timecop,"Turn back the clock, and you're history."
11/18/1994,Star Trek Generations,Two captains. One destiny.
11/18/1994,Star Trek Generations,The torch of adventure is about to be passed.
11/18/1994,Star Trek Generations,Beyond time. Beyond the known universe. Beyond imagination. An adventure for a new generation.
11/18/1994,Star Trek Generations,"Nothing you have seen, nothing you have imagined can prepare you for the next generation of adventure."
11/18/1994,Star Trek Generations,Travel into the limits of time and space as the next generation of heroes takes you beyond the final frontier.
03/31/1995,Tank Girl,"In the future, the odds of survival are 1000 to 1. That's just the way she likes it."
03/31/1995,Tank Girl,"In the future, the odds of survival are 1000 to 1."
03/31/1995,Tank Girl,That's just the way she likes it.
03/31/1995,Tank Girl,"In 2033, justice rides a tank and wears lip gloss"
06/16/1995,Batman Forever,Half a face and some riddles ain't nothing for the Knight.
06/16/1995,Batman Forever,"In a chaotic Time, Justice wears a mask."
06/16/1995,Batman Forever,"Courage Now, Truth Always, Batman Forever!"
06/30/1995,Judge Dredd,"One man is Judge, Jury, AND Executioner."
06/30/1995,Judge Dredd,One man is the law
06/30/1995,Judge Dredd,"In the future, one man is the law."
06/30/1995,Mighty Morphin Power Rangers: The Movie,Six teenagers have discovered the power to fight the forces of evil. Now the fate of the universe is in their hands.
06/30/1995,Mighty Morphin Power Rangers: The Movie,The power of teamwork overcomes all!
06/30/1995,Mighty Morphin Power Rangers: The Movie,The Power Is On!
06/30/1995,Mighty Morphin Power Rangers: The Movie,"Each has a power. Each has a purpose, and together they will face their greatest adventure."
06/30/1995,Mighty Morphin Power Rangers: The Movie,You ooze you lose.
07/28/1995,Waterworld,Beyond the horizon lies the secret to a new beginning.
05/03/1996,Barb Wire,Don't call me babe!
05/03/1996,Barb Wire,No laws. No limits. No turning back.
06/07/1996,The Phantom,The ghost who walks. The man who cannot die.
06/07/1996,The Phantom,Slam evil!
08/30/1996,The Crow: City of Angels,There will be another.
08/30/1996,The Crow: City of Angels,Belive in the power of another.
08/30/1996,The Crow: City of Angels,"In a world where the forces of darkness rule, justice is about to take flight."
08/30/1996,The Crow: City of Angels,"The spectacular sequel to ""The Crow""!"
08/30/1996,The Crow: City of Angels,It's another time. It's another world. And another has been chosen.
11/22/1996,Star Trek: First Contact,Prepare for assimilation.
11/22/1996,Star Trek: First Contact,There is no thrill like First Contact.
11/22/1996,Star Trek: First Contact,The battle to save the future has begun.
11/22/1996,Star Trek: First Contact,Planet Earth. Population 9 billion. None human.
11/22/1996,Star Trek: First Contact,The treachery of a queen. The courage of a captain. The destiny of a planet.
03/28/1997,Turbo: A Power Rangers Movie,Shift Into Turbo!
03/28/1997,Turbo: A Power Rangers Movie,The Power Is Back!
05/23/1997,The Lost World: Jurassic Park,Something has survived
05/23/1997,The Lost World: Jurassic Park,They're Walking Our Streets
06/20/1997,Batman & Robin,"Strength Now. Courage Always. Family, Above All. Batman and Robin!"
06/20/1997,Batman & Robin,Heroes. Villains. Triple Threat.
06/20/1997,Batman & Robin,"Strength. Courage. Honor. And loyalty. On June 20, it ALL comes together..."
07/02/1997,Men in Black,Protecting the earth from the scum of the universe
07/02/1997,Men in Black,More secretive than the C.I.A. - More powerful than the F.B.I. - And they're looking for a few good men - They are the Men in Black
08/01/1997,Spawn,Born in darkness. Sworn to justice.
08/01/1997,Spawn,From flesh to steel. From blood to blade. From man...to Spawn.
08/01/1997,Spawn,The Evil has a new enemy. The Justice has a new Weapon. And the world has a new hero.
08/15/1997,Steel,Heroes don't come any bigger.
08/15/1997,Steel,Man. Metal. Hero.
11/26/1997,Alien Resurrection,It's been more than 200 years...The beginning has just started.
11/26/1997,Alien Resurrection,We are not alone.
11/26/1997,Alien Resurrection,Witness the resurrection.
11/26/1997,Alien Resurrection,Pray you die first.
11/26/1997,Alien Resurrection,Hell gives birth.
11/26/1997,Alien Resurrection,It's already too late.
11/26/1997,Alien Resurrection,Beyond salvation.
07/17/1998,The Mask of Zorro,"When freedom is a memory and justice is outlawed, the just must become outlaws."
07/17/1998,The Mask of Zorro,No one has seen his face....but everyone....knows this mark.
07/17/1998,The Mask of Zorro,"This summer, justice leaves its mark."
07/17/1998,The Mask of Zorro,The sword. The mask. The legend. He isn't just one man... HE'S ZORRO!
08/21/1998,Blade,The power of an immortal. The soul of a human. The heart of a hero.
08/21/1998,Blade,"Against an army of immortals, one warrior must draw first blood."
08/21/1998,Blade,Vampire Hunter
08/21/1998,Blade,Sometimes it takes one to kill one.
08/21/1998,Blade,Have you given blood lately?
08/21/1998,Blade,Part Man. Part Vampire. All Hero.
12/11/1998,Star Trek: Insurrection,Meet the new face of evil.
12/11/1998,Star Trek: Insurrection,The battle for paradise has begun.
12/11/1998,Star Trek: Insurrection,Eternity awaits beyond the final frontier.
12/11/1998,Star Trek: Insurrection,The ultimate battle between good and evil begins.
12/11/1998,Star Trek: Insurrection,"The future of the galaxy, and the survival of a race, depend on an act of rebellion."
03/31/1999,The Matrix,Free your mind
03/31/1999,The Matrix,"In a world of 1s and 0s...are you a zero, or The One?"
03/31/1999,The Matrix,Be Afraid Of The Future
03/31/1999,The Matrix,The Fight for the Future Begins
03/31/1999,The Matrix,Believe the unbelievable
03/31/1999,The Matrix,Reality is a thing of the past.
03/31/1999,The Matrix,What is The Matrix?
03/31/1999,The Matrix,"Unfortunately, no one can be told what the Matrix is. You have to see it for yourself."
03/31/1999,The Matrix,"Perception: Our day-in, day-out world is real. Reality: That world is a hoax, an elaborate deception spun by all-powerful machines of artificial intelligence that control us. Whoa."
03/31/1999,The Matrix,The Future isn't user friendly...
03/31/1999,The Matrix,The Matrix has you.
03/31/1999,The Matrix,Welcome to the Real World
03/31/1999,The Matrix,Remember there is no spoon
03/31/1999,The Matrix,The Future Will Not Be User Friendly
03/31/1999,The Matrix,"The World's population thinks it's real. On March 31st, they will see the ""Real World""."
05/19/1999,Star Wars: Episode I – The Phantom Menace,At last we will reveal ourselves to the Jedi.
05/19/1999,Star Wars: Episode I – The Phantom Menace,One Race. One Adventure. The One to Own.
05/19/1999,Star Wars: Episode I – The Phantom Menace,Every generation has a legend. Every journey has a first step. Every saga has a beginning.
05/19/1999,Star Wars: Episode I – The Phantom Menace,The saga begins Spring 1999
05/19/1999,Star Wars: Episode I – The Phantom Menace,The Saga Begins May 19th
05/19/1999,Star Wars: Episode I – The Phantom Menace,The Force Returns May 19th
05/19/1999,Star Wars: Episode I – The Phantom Menace,"One truth, one hate."
08/06/1999,Mystery Men,This summer expect the unexpected
08/06/1999,Mystery Men,Universal Pictures presents a new league of heroes that step to a different beat.
08/06/1999,Mystery Men,"We're not your classic heroes, we're the other guys."
08/06/1999,Mystery Men,They're not your average superheroes.
07/14/2000,X-Men,Evolution Begins.
07/14/2000,X-Men,Join the Evolution.
07/14/2000,X-Men,Change is coming. The evolution begins july 14th.
07/14/2000,X-Men,Protecting Those Who Fear Them.
07/14/2000,X-Men,The time is coming when all that we are afraid of will be all that can save us.
07/14/2000,X-Men,Trust a few. Fear the rest.
07/14/2000,X-Men,Protecting those who fear them.
07/14/2000,X-Men,We're Not What You Think
07/14/2000,X-Men,The future is here.
07/18/2001,Jurassic Park III,Disaster is an Instinct.
07/18/2001,Jurassic Park III,This Time It's Not Just A Walk In The Park!
07/18/2001,Jurassic Park III,Something Unexpected Has Evolved.
07/18/2001,Jurassic Park III,Evolution of Adventure!
07/18/2001,Jurassic Park III,Dream... Fantasy... Destruction... Evolution of Adventure
07/18/2001,Jurassic Park III,Survival of the Fittest
07/18/2001,Jurassic Park III,What didn't kill them Made them stronger
07/18/2001,Jurassic Park III,An Instinct for Destruction
07/18/2001,Jurassic Park III,Chaos Reigns
07/18/2001,Jurassic Park III,Nature Takes No Prisoners
07/18/2001,Jurassic Park III,Their Time Has Come.
07/18/2001,Jurassic Park III,Their World. Their Rules.
07/18/2001,Jurassic Park III,Evolve or Die.
07/18/2001,Jurassic Park III,Fiercer. Faster. Free.
07/18/2001,Jurassic Park III,Terror Evolves.
07/18/2001,Jurassic Park III,Only the Strongest Survive
07/18/2001,Jurassic Park III,Only the Strongest Survived
07/18/2001,Jurassic Park III,You know how the dream started. You know how the fantasy ended. Time to evolve from point A to site B. Get ready for the Evolution of Adventure
07/18/2001,Jurassic Park III,"With every sound, with every heartbeat, there will be more to fear than ever before"
07/20/2001,Ghost World,"I want to make love"" to him"" - ""I'm going to tell him you said that"""
07/20/2001,Ghost World,Accentuate the negative.
07/20/2001,Ghost World,"They're high school graduates, and the world's got hell to pay!"
07/27/2001,Planet of the Apes (2001),The battle begins November 20th
07/27/2001,Planet of the Apes (2001),Rule the planet.
07/27/2001,Planet of the Apes (2001),"On July 27th, take back the planet."
07/27/2001,Planet of the Apes (2001),You'll be sorry you were ever born human
11/16/2001,Harry Potter and the Sorcerer's Stone,Let The Magic Begin.
11/16/2001,Harry Potter and the Sorcerer's Stone,Journey beyond your imagination
11/16/2001,Harry Potter and the Sorcerer's Stone,The Magic Begins November 16th.
11/16/2001,Harry Potter and the Sorcerer's Stone,"Hidden deep within in the school lies an object that can make you immortal,that can make you powerful,that can make you deadly!"
12/19/2001,The Lord of the Rings: The Fellowship of the Ring,The Legend Comes to Life
12/19/2001,The Lord of the Rings: The Fellowship of the Ring,One Ring To Rule Them All.
12/19/2001,The Lord of the Rings: The Fellowship of the Ring,"You will find adventure, or adventure will find you."
12/19/2001,The Lord of the Rings: The Fellowship of the Ring,"One ring to rule them all, One ring to find them, One ring to bring them all and in the darkness bind them"
12/19/2001,The Lord of the Rings: The Fellowship of the Ring,Its power corrupts all who desire it. Only one has the will to resist it. A Fellowship of nine must destroy it.
12/19/2001,The Lord of the Rings: The Fellowship of the Ring,Fate Has Chosen Him. A Fellowship Will Protect Him. Evil Will Hunt Them.
12/19/2001,The Lord of the Rings: The Fellowship of the Ring,Middle Earth comes alive...
12/19/2001,The Lord of the Rings: The Fellowship of the Ring,Even the smallest person can change the course of the future.
12/19/2001,The Lord of the Rings: The Fellowship of the Ring,All we have to decide is what to do with the time that we are given
12/19/2001,The Lord of the Rings: The Fellowship of the Ring,Power can be held in the smallest of things...
03/22/2002,Blade II,"In A World Beyond The One We Know, The Forces Of Darkness Fear One Man...Blade!"
03/22/2002,Blade II,Know The Mark
03/22/2002,Blade II,One Man Still Has The Edge
03/22/2002,Blade II,One man is still the cutting edge
03/22/2002,Blade II,Last time he fought against his sworn enemies....This time he will fight with them.
03/22/2002,Blade II,Faster. Sharper. Deadlier.
03/22/2002,Blade II,"When Evil Strikes, One Man, Still Has The Edge."
03/22/2002,Blade II,Let the combat begin
05/03/2002,Spider-Man,With great power comes great responsibility.
05/03/2002,Spider-Man,An Ordinary Man. An Extraordinary Power.
05/03/2002,Spider-Man,Get Ready For The Ultimate Spin!
05/03/2002,Spider-Man,Do you want to know who I am? I'm Spider-Man
05/03/2002,Spider-Man,"Next Summer, One Hero will take you for the Ultimate Spin"
05/03/2002,Spider-Man,"On May Third, the Entire World Will Connect to the Web."
05/03/2002,Spider-Man,A Gift. A Curse. A Destiny.
05/03/2002,Spider-Man,"If somebody told you I was just your average guy, not a care in the world... somebody lied."
05/03/2002,Spider-Man,This is my gift. It is my curse.
05/03/2002,Spider-Man,Go for the ultimate spin
05/03/2002,Spider-Man,Turn your world upside down
05/16/2002,Star Wars: Episode II – Attack of the Clones,A Jedi Shall Not Know Anger. Nor Hatred. Nor Love.
05/16/2002,Star Wars: Episode II – Attack of the Clones,The Saga Continues.
05/16/2002,Star Wars: Episode II – Attack of the Clones,The Attack Begins May 16th
05/16/2002,Star Wars: Episode II – Attack of the Clones,The Saga Continues May 16th
05/16/2002,Star Wars: Episode II – Attack of the Clones,The Clones Are Coming
05/16/2002,Star Wars: Episode II – Attack of the Clones,Size matters not. Except on an IMAX Screen.
07/03/2002,Men in Black II,We Got A World To Save
07/03/2002,Men in Black II,Same Planet. New Scum.
07/03/2002,Men in Black II,Coming To Rid Your Earth of the Scum of the Universe... Again!
07/03/2002,Men in Black II,"This Summer, They're Back in Black."
07/03/2002,Men in Black II,"This Summer, They're Back in Business. They're Back in Action. They're Back in Black."
07/03/2002,Men in Black II,Time to put on the last suit you'll ever wear...again...
07/03/2002,Men in Black II,Back In Black.
11/15/2002,Harry Potter and the Chamber of Secrets,Dobby has come to warn you Sir.
11/15/2002,Harry Potter and the Chamber of Secrets,Hogwarts is back in session.
11/15/2002,Harry Potter and the Chamber of Secrets,The Chamber of Secrets has been opened. Enemies of the heir... beware!
11/15/2002,Harry Potter and the Chamber of Secrets,Something evil has returned to Hogwarts!
11/15/2002,Harry Potter and the Chamber of Secrets,The Chamber of Secrets has opened...
11/15/2002,Harry Potter and the Chamber of Secrets,The second year begins November 15
12/13/2002,Star Trek: Nemesis,A generation's final journey begins.
12/13/2002,Star Trek: Nemesis,The ultimate battle for Earth begins.
12/13/2002,Star Trek: Nemesis,"A nemesis will betray a generation, and their final journey will begin."
12/13/2002,Star Trek: Nemesis,"For every good in the universe, there is an evil. And the only way to conquer it is to face it."
12/18/2002,The Lord of the Rings: The Two Towers,A New Power Is Rising.
12/18/2002,The Lord of the Rings: The Two Towers,The Battle for Middle-earth Begins!
12/18/2002,The Lord of the Rings: The Two Towers,All will be sacrificed... All will be lost... Unless all unite against evil.
12/18/2002,The Lord of the Rings: The Two Towers,The fellowship is broken. The power of darkness grows...
12/18/2002,The Lord of the Rings: The Two Towers,The Journey Continues December 18th
02/14/2003,Daredevil,A Guardian Devil.
02/14/2003,Daredevil,He is the man without fear
02/14/2003,Daredevil,Take the dare.
02/14/2003,Daredevil,"When justice is blind, it knows no fear."
02/14/2003,Daredevil,When the streets have gone to Hell - have faith in the Devil.
02/14/2003,Daredevil,Justice is blind. So is he.
02/14/2003,Daredevil,"A man without hope, is a man without... fear."
02/14/2003,Daredevil,A daring new vision
04/16/2003,Bulletproof Monk,A power beyond measure requires a protector without equal.
04/16/2003,Bulletproof Monk,Don't mess with the monk
04/16/2003,Bulletproof Monk,A monk. A punk. A chick. In a kick-ass flick.
04/16/2003,Bulletproof Monk,"To fulfill the prophecy, he must find the one to take his place."
05/02/2003,X2,The time has come for those who are different to stand united
05/02/2003,X2,Get ready for the return of the Evolution
05/02/2003,X2,Evolution Continues.
05/02/2003,X2,"The ones we fear most, will be all that can save us... again."
05/02/2003,X2,In this world wide conspiracy the only thing you can count on... Is the X factor.
05/02/2003,X2,"First, they were fighting for acceptance. Now, they're battling for survival."
05/02/2003,X2,X-Men United
05/15/2003,The Matrix Reloaded,Free your mind.
05/15/2003,The Matrix Reloaded,Reload in IMAX: Think big.
05/15/2003,The Matrix Reloaded,Reload before the revolution begins.
06/20/2003,Hulk,Unleash the fury!
06/20/2003,Hulk,What if everything you were forced to keep inside was suddenly set free?
06/20/2003,Hulk,The inner beast will be released
06/20/2003,Hulk,Rage. Power. Freedom.
06/20/2003,Hulk,On June 20th Let it All Out
06/20/2003,Hulk,Unleash the hero within
07/02/2003,Terminator 3: Rise of the Machines,"Next Summer, the machines will rise."
07/02/2003,Terminator 3: Rise of the Machines,Experience the 3rd time in IMAX!
07/02/2003,Terminator 3: Rise of the Machines,The Machines Will Rise
07/09/2003,Pirates of the Caribbean: The Curse of the Black Pearl,Prepare to be blown out of the water.
07/09/2003,Pirates of the Caribbean: The Curse of the Black Pearl,Over 3000 Islands of Paradise -- For Some it's A Blessing -- For Others... It's A Curse.
07/11/2003,The League of Extraordinary Gentlemen,From the Director of Blade
07/11/2003,The League of Extraordinary Gentlemen,Prepare for the Extraordinary
07/11/2003,The League of Extraordinary Gentlemen,The power of seven become a league of one
07/11/2003,The League of Extraordinary Gentlemen,A Rogue. A Scientist. A Spy. A Hunter. A Vampire. A beast. An Immortal
07/11/2003,The League of Extraordinary Gentlemen,Waiting To Be Impressed? You're About To Be.
07/11/2003,The League of Extraordinary Gentlemen,An Adventure in a League of Its Own
07/11/2003,The League of Extraordinary Gentlemen,"This summer, Join the League."
07/11/2003,The League of Extraordinary Gentlemen,"This summer, the bad will fight for good."
07/11/2003,The League of Extraordinary Gentlemen,A hunter... Live for the chase.
07/11/2003,The League of Extraordinary Gentlemen,An invisible man... The unseen assassin.
07/11/2003,The League of Extraordinary Gentlemen,Dr. Jekyll and Mr. Hyde... The devil inside.
07/11/2003,The League of Extraordinary Gentlemen,A vampire... A killer with a kiss.
11/05/2003,The Matrix Revolutions,Everything that has a beginning has an end.
11/05/2003,The Matrix Revolutions,The IMAX Revolution
12/17/2003,The Lord of the Rings: The Return of the King,The eye of the enemy is moving.
12/17/2003,The Lord of the Rings: The Return of the King,This Christmas the journey ends.
12/17/2003,The Lord of the Rings: The Return of the King,There can be no triumph without loss. No victory without suffering. No freedom without sacrifice.
04/02/2004,Hellboy (2004),From the Dark Side to Our Side
04/02/2004,Hellboy (2004),Give Evil Hell
04/02/2004,Hellboy (2004),Here to protect
04/02/2004,Hellboy (2004),Sent to destroy
04/02/2004,Hellboy (2004),In the Absence of Light Darkness Prevails
04/16/2004,The Punisher,This Is Not Revenge. It's Punishment!
04/16/2004,The Punisher,Frank Castle has died...but has been reborn as THE PUNISHER.
04/16/2004,The Punisher,"Judge, Jury, and Executioner is what The Punisher is."
04/16/2004,The Punisher,"On April 16th, one man fights for justice, NATURAL JUSTICE."
04/16/2004,The Punisher,The punishment has begun.
04/16/2004,The Punisher,He has a plan... he has an enemy... this Summer... he will execute them both
06/04/2004,Harry Potter and the Prisoner of Azkaban,Have you seen this wizard?
06/04/2004,Harry Potter and the Prisoner of Azkaban,Something wicked this way comes.
06/04/2004,Harry Potter and the Prisoner of Azkaban,Have you seen this wizard? Approach with extreme caution! Do not attempt to use magic against this man!
06/04/2004,Harry Potter and the Prisoner of Azkaban,Everything will change.
06/04/2004,Harry Potter and the Prisoner of Azkaban,The time has come.
06/04/2004,Harry Potter and the Prisoner of Azkaban,Cast your spell in IMAX.
06/04/2004,Harry Potter and the Prisoner of Azkaban,Mysteries will unfold.
06/04/2004,Harry Potter and the Prisoner of Azkaban,Secrets will be revealed.
06/04/2004,Harry Potter and the Prisoner of Azkaban,Character will be tested.
06/04/2004,Harry Potter and the Prisoner of Azkaban,Darkness will descend.
06/30/2004,Spider-Man 2,Sacrifice
06/30/2004,Spider-Man 2,Destiny
06/30/2004,Spider-Man 2,Choice
06/30/2004,Spider-Man 2,This summer a man will face his destiny. A hero will be revealed
06/30/2004,Spider-Man 2,Take Another Spin In IMAX
07/23/2004,Catwoman,CATch Her In IMAX
08/13/2004,Alien vs. Predator,Whoever wins... We lose.
08/13/2004,Alien vs. Predator,It's our planet....It's their war.
08/13/2004,Alien vs. Predator,The enemy of my enemy....is my friend.
11/05/2004,The Incredibles,Save The Day
11/05/2004,The Incredibles,Discover the Side of Superheroes You've Never Seen Before
11/05/2004,The Incredibles,Expect The Incredible
11/05/2004,The Incredibles,Twice the hero he used to be
11/05/2004,The Incredibles,Super cool
11/05/2004,The Incredibles,"No gut, no glory"
11/05/2004,The Incredibles,Sock'er Mom
12/08/2004,Blade: Trinity,Where it began so it shall end.
12/08/2004,Blade: Trinity,The final hunt begins.
12/08/2004,Blade: Trinity,He's fought the forces of darkness alone...until now.
01/14/2005,Elektra,She's the last thing that stands between good and evil.
01/14/2005,Elektra,Looks can kill.
01/14/2005,Elektra,She was left for dead. Now she's back with vengeance.
01/14/2005,Elektra,Born to fight. Trained to kill.
01/14/2005,Elektra,Before she can find peace she will wage war.
02/18/2005,Constantine,Hell wants him. Heaven won't take him. Earth needs him.
02/18/2005,Constantine,The wager between heaven and hell is on Earth
02/18/2005,Son of the Mask,Who's next?
02/18/2005,Son of the Mask,The next generation of mischief
02/18/2005,Son of the Mask,The Power of Mischief
02/18/2005,Son of the Mask,Sequel to the #1 box-office hit.
05/19/2005,Star Wars: Episode III – Revenge of the Sith,The saga is complete.
06/15/2005,Batman Begins,The Legend Begins
06/15/2005,Batman Begins,"This Summer, Evil Fears The Knight."
06/15/2005,Batman Begins,A Legend is Born
06/15/2005,Batman Begins,The Legend Lives On!
07/08/2005,Fantastic Four (2005),4 times the action. 4 times the adventure. 4 times the fantastic.
07/08/2005,Fantastic Four (2005),"When an experimental space voyage goes wrong, four people are dramatically changed by cosmic rays to become the Fantastic Four."
07/08/2005,Fantastic Four (2005),Fun. Fabulous. Fantastic.
07/08/2005,Fantastic Four (2005),Prepare for the fantastic.
10/28/2005,The Legend of Zorro,"This Fall, adventure begins with a Z."
11/18/2005,Harry Potter and the Goblet of Fire,Everything is about to change.
11/18/2005,Harry Potter and the Goblet of Fire,"Difficult times lie ahead, Harry."
11/18/2005,Harry Potter and the Goblet of Fire,Dark and difficult times lie ahead.
11/18/2005,Harry Potter and the Goblet of Fire,On November 18 Everything Will Change.
12/09/2005,"The Chronicles of Narnia: The Lion, the Witch and the Wardrobe",Some journeys take us far from home. Some adventures lead us to our destiny.
12/09/2005,"The Chronicles of Narnia: The Lion, the Witch and the Wardrobe",There are many stories of Narnia. The first is about to be told.
12/09/2005,"The Chronicles of Narnia: The Lion, the Witch and the Wardrobe",Aslan Is On The Move
12/09/2005,"The Chronicles of Narnia: The Lion, the Witch and the Wardrobe",The White Witch Cometh
12/09/2005,"The Chronicles of Narnia: The Lion, the Witch and the Wardrobe",The beloved masterpiece comes to life December 9
12/09/2005,"The Chronicles of Narnia: The Lion, the Witch and the Wardrobe",Evil Has Reigned For 100 Years...
05/26/2006,X-Men: The Last Stand,Take a Stand
05/26/2006,X-Men: The Last Stand,Whose Side Will You Be On?
05/26/2006,X-Men: The Last Stand,Evolution will make a last stand.
06/28/2006,Superman Returns,"On June 30, 2006! Look Up In The Sky!"
07/07/2006,Pirates of the Caribbean: Dead Man's Chest,Captain Jack is back.
02/16/2007,Ghost Rider,Long ago he made a deal to save someone he loved.
02/16/2007,Ghost Rider,Hell Is About To Be Unleashed
02/16/2007,Ghost Rider,His Curse Will Become His Power
02/16/2007,Ghost Rider,Was everything he sacrificed truly worth?
02/16/2007,Ghost Rider,He's the only one that can walk on both worlds.
02/16/2007,Ghost Rider,Lets Ride !
02/16/2007,Ghost Rider,"Long ago, he made a deal... to save someone he loved... What he didn't know was the price he would have to pay..."
03/23/2007,TMNT,Raising Shell In 2007
05/04/2007,Spider-Man 3,"Next summer, the greatest battle lies... within."
05/04/2007,Spider-Man 3,The battle within.
05/04/2007,Spider-Man 3,How long can any man fight the darkness... before he finds it in himself?
05/04/2007,Spider-Man 3,"Every hero has a choice, to face the darkness... or be consumed by it."
05/04/2007,Spider-Man 3,One man will fight to find the hero within
05/04/2007,Spider-Man 3,The greatest battle lies within.
05/25/2007,Pirates of the Caribbean: At World's End,"At the End of the World, the Adventure Begins"
06/15/2007,Fantastic Four: Rise of the Silver Surfer,Rise
06/15/2007,Fantastic Four: Rise of the Silver Surfer,Discover the secret of the Surfer
06/15/2007,Fantastic Four: Rise of the Silver Surfer,"The forces that made them fantastic, will give rise to a new power, and nothing will ever be the same."
06/15/2007,Fantastic Four: Rise of the Silver Surfer,Who will rise?
07/03/2007,Transformers,Their war. Our world.
07/03/2007,Transformers,You haven't seen it all until you've seen it in IMAX
07/03/2007,Transformers,"This July, our world will be transformed."
07/03/2007,Transformers,Most have come to destroy us. Some have come to protect us.
07/11/2007,Harry Potter and the Order of the Phoenix,The rebellion begins.
07/11/2007,Harry Potter and the Order of the Phoenix,Evil must be confronted.
07/11/2007,Harry Potter and the Order of the Phoenix,You will lose everything.
07/11/2007,Harry Potter and the Order of the Phoenix,Only one can survive.
07/11/2007,Harry Potter and the Order of the Phoenix,The only way is rebellion.
07/11/2007,Harry Potter and the Order of the Phoenix,No one can protect you.
07/11/2007,Harry Potter and the Order of the Phoenix,Make a final stand.
07/11/2007,Harry Potter and the Order of the Phoenix,Dissent will not be tolerated.
10/19/2007,30 Days of Night,They're Coming!
10/19/2007,30 Days of Night,"Welcome to Barrow (Alaska), Inhabitants: (scratched number 588') 15"
12/25/2007,Aliens vs. Predator: Requiem,This Christmas there will be no peace on Earth.
12/25/2007,Aliens vs. Predator: Requiem,The Last Place On Earth We Want To Be Is In The Middle
12/25/2007,Aliens vs. Predator: Requiem,The last place we want to be is in the middle.
12/25/2007,Aliens vs. Predator: Requiem,It began on their world. It will end on ours.
12/25/2007,Aliens vs. Predator: Requiem,"In space, no one can hear you scream. On Earth, it won't matter."
05/02/2008,Iron Man,Heroes aren't born. They're built.
05/02/2008,Iron Man,Get ready for a different breed of heavy metal hero.
05/17/2008,The Chronicles of Narnia: Prince Caspian,A New Age Has Begun.
05/17/2008,The Chronicles of Narnia: Prince Caspian,Everything you know is about to change forever.
05/17/2008,The Chronicles of Narnia: Prince Caspian,Unmask the new evil.
05/17/2008,The Chronicles of Narnia: Prince Caspian,Hope has a new face.
05/17/2008,The Chronicles of Narnia: Prince Caspian,Everything you know is about to change.
05/22/2008,Indiana Jones and the Kingdom of the Crystal Skull,"In May, the adventure continues."
05/22/2008,Indiana Jones and the Kingdom of the Crystal Skull,The adventure continues . . .
06/13/2008,The Incredible Hulk,"On June 13, get ready to unleash the beast."
06/13/2008,The Incredible Hulk,"This summer, our only hope is something incredible"
06/13/2008,The Incredible Hulk,"This June, a hero shows his true colors"
06/13/2008,The Incredible Hulk,You'll like him when he's angry.
06/27/2008,Wanted,Choose your destiny.
06/27/2008,Wanted,Their world. Her rules. His destiny.
06/27/2008,Wanted,"Brutal, Sexy, Built to thrill"
07/11/2008,Hellboy II: The Golden Army,Saving the world is a hell of a job
07/11/2008,Hellboy II: The Golden Army,Believe it or not - he's the good guy
07/11/2008,Hellboy II: The Golden Army,From the visionary director of Pan's Labyrinth
07/11/2008,Hellboy II: The Golden Army,Good never looked so bad.
07/18/2008,The Dark Knight,Why So Serious?
07/18/2008,The Dark Knight,Welcome to a world without rules.
07/18/2008,The Dark Knight,Out of the darkness...comes the Knight.
07/18/2008,The Dark Knight,The night is darkest before the dawn.
07/18/2008,The Dark Knight,It's All Part of the Plan
07/18/2008,The Dark Knight,I Believe In Harvey Dent.
12/05/2008,Punisher: War Zone,Vengeance has a name.
12/05/2008,Punisher: War Zone,Vengeance is Coming.
12/05/2008,Punisher: War Zone,Our Future Rests in His Hands.
12/25/2008,The Spirit,"Down these mean streets a man must come. A hero born, murdered, and born again."
12/25/2008,The Spirit,My city screams. She is my lover. And I am her spirit.
12/25/2008,The Spirit,I'm gonna kill you all kinds of dead.
12/25/2008,The Spirit,Face my power.
12/25/2008,The Spirit,He's something the world needs...
03/06/2009,Watchmen,This city is afraid of me. I've seen its true face.
03/06/2009,Watchmen,Who will save us now?
03/06/2009,Watchmen,Someone's killing our super heroes.
03/06/2009,Watchmen,None of you seem to understand. I'm not locked in here with you. You're locked in here with me.
03/06/2009,Watchmen,Justice is coming to all of us. No matter what we do.
03/06/2009,Watchmen,The existence of life is a highly overrated phenomenon.
03/06/2009,Watchmen,I am used to going out at 3am and doing something stupid.
03/06/2009,Watchmen,We were supposed to make the world a better place.
03/06/2009,Watchmen,We're society's only protection.
03/06/2009,Watchmen,A world at peace. There had to be sacrifice.
03/06/2009,Watchmen,Who watches the Watchmen?
05/01/2009,X-Men Origins: Wolverine,Witness the Origin.
05/08/2009,Star Trek,The future begins.
05/08/2009,Star Trek,Before Guardians of the Galaxy... There was Star Trek!
05/21/2009,Terminator Salvation,The End Begins
05/21/2009,Terminator Salvation,We Fight Back
06/24/2009,Transformers: Revenge of the Fallen,The battle for Earth begins in theatres and IMAX 6.24.09
06/24/2009,Transformers: Revenge of the Fallen,Revenge takes many forms.
06/24/2009,Transformers: Revenge of the Fallen,They have returned... to finish what they started.
06/24/2009,Transformers: Revenge of the Fallen,"On June 24th, get ready for the summer's biggest adventure."
06/24/2009,Transformers: Revenge of the Fallen,Only one team will transform your summer.
06/24/2009,Transformers: Revenge of the Fallen,They have returned. They have evolved.
06/24/2009,Transformers: Revenge of the Fallen,Revenge is coming.
07/15/2009,Harry Potter and the Half-Blood Prince,"Once again I must ask too much of you, Harry."
07/15/2009,Harry Potter and the Half-Blood Prince,Dark secrets revealed.
09/25/2009,Surrogates,How do you save humanity when the only thing that's real is you?
09/25/2009,Surrogates,Human perfection. What could go wrong?
04/16/2010,Kick-Ass,I can't fly. But I can kick your ass.
04/16/2010,Kick-Ass,I can't read your mind. But I can kick your ass.
04/16/2010,Kick-Ass,I can't be invisible. But I can kick your ass.
04/16/2010,Kick-Ass,I can't see through walls. But I can kick your ass.
04/16/2010,Kick-Ass,Shut Up. Kick-Ass.
04/16/2010,Kick-Ass,A new breed of superheroes will be revealed.
04/16/2010,Kick-Ass,Have fear. They're here.
04/23/2010,The Losers,Anyone Else Would Be Dead By Now.
04/23/2010,The Losers,You Don't Give Them Orders. You Just Turn Them Loose.
04/23/2010,The Losers,Aisha - Search And Destroy
04/23/2010,The Losers,Clay - Operational Control
04/23/2010,The Losers,Cougar - Long-Range Eliminations
04/23/2010,The Losers,Jensen - Comms And Tech
04/23/2010,The Losers,Pooch - Transpo And Heavy Weps
04/23/2010,The Losers,Roque - Demo And Tactical
05/07/2010,Iron Man 2,"It's not the armor that makes the hero, but the man inside."
06/18/2010,Jonah Hex,Revenge gets ugly
07/09/2010,Predators,Fear is Reborn
07/09/2010,Predators,The Hunt Is On
07/09/2010,Predators,"This summer, fear is reborn."
07/09/2010,Predators,The most dangerous killers on the planet... but this is not our planet.
10/15/2010,Red,Still Armed. Still Dangerous. Still Got It.
10/15/2010,Red,He's Got Time To Kill.
10/15/2010,Red,Killer Company Man.
10/15/2010,Red,Aims To Please.
10/15/2010,Red,Doesn't Get Out Much.
10/15/2010,Red,Looking For A Little Action.
10/15/2010,Red,A High Caliber Woman.
10/15/2010,Red,There's No Substitute for Experience.
11/19/2010,Harry Potter and the Deathly Hallows – Part 1,Trust no one.
11/19/2010,Harry Potter and the Deathly Hallows – Part 1,It all ends here.
11/19/2010,Harry Potter and the Deathly Hallows – Part 1,Nowhere is safe.
11/19/2010,Harry Potter and the Deathly Hallows – Part 1,Part 1 Of The Epic Finale
11/19/2010,Harry Potter and the Deathly Hallows – Part 1,The end begins.
11/19/2010,Harry Potter and the Deathly Hallows – Part 1,The hunt begins.
12/10/2010,The Chronicles of Narnia: The Voyage of the Dawn Treader,Return to magic. Return to hope. Return to Narnia.
12/10/2010,The Chronicles of Narnia: The Voyage of the Dawn Treader,Take the voyage. Live the adventure. Discover Narnia like you've never seen it before.
05/06/2011,Thor,Two worlds. One hero.
05/06/2011,Thor,The god of thunder. The king of Asgard. The god of mischief. The guardian of worlds. The goddess of war. The woman of science.
05/06/2011,Thor,Courage is immortal
05/13/2011,Priest,Vampire Killer
05/13/2011,Priest,The War is Eternal. His Mission is Just the Beginning.
05/13/2011,Priest,This war will never end. His mission is just the beginning.
05/20/2011,Pirates of the Caribbean: On Stranger Tides,Pirate's Life.
06/03/2011,X-Men: First Class,"Before he was Professor X, he was Charles. Before he was Magneto, he was Erik. Before they were enemies, they were allies."
06/03/2011,X-Men: First Class,Witness the origin
06/03/2011,X-Men: First Class,The story begins
06/03/2011,X-Men: First Class,Their powers would make them different. But destiny would make them allies.
06/03/2011,X-Men: First Class,Witness the beginning.
06/03/2011,X-Men: First Class,Witness the moment that will change our world.
06/17/2011,Green Lantern,One of us... becomes one of them.
06/17/2011,Green Lantern,"In brightest day, in blackest night, no evil shall escape my sight, let those who worship evil's might, beware my power, Green Lantern's Light."
06/17/2011,Green Lantern,"In our darkest hour, there will be light."
06/29/2011,Transformers: Dark of the Moon,Earth goes dark
06/29/2011,Transformers: Dark of the Moon,Mankind's finest achievement. Our nation's proudest moment. A secret hidden for forty years.
06/29/2011,Transformers: Dark of the Moon,Earth's last stand
06/29/2011,Transformers: Dark of the Moon,The fight for our freedom begins
06/29/2011,Transformers: Dark of the Moon,The battles are over. The war begins.
06/29/2011,Transformers: Dark of the Moon,The invasion begins
06/29/2011,Transformers: Dark of the Moon,The invasion we always feared. An enemy we never expected.
07/15/2011,Harry Potter and the Deathly Hallows – Part 2,It All Ends Here
07/15/2011,Harry Potter and the Deathly Hallows – Part 2,It All Ends
07/15/2011,Harry Potter and the Deathly Hallows – Part 2,The Last Enemy Is Death
07/22/2011,Captain America: The First Avenger,When patriots become heroes
07/29/2011,Cowboys & Aliens,First contact. Last stand.
08/05/2011,Rise of the Planet of the Apes,Evolution Becomes Revolution
08/19/2011,Conan the Barbarian (2011),Enter An Age Undreamed Of
12/21/2011,The Adventures of Tintin,"This year, discover how far adventure will take you."
02/17/2012,Ghost Rider: Spirit of Vengeance,He rides again.
03/09/2012,John Carter,Lost in Our World. Found in Another.
05/04/2012,The Avengers,Avengers Assemble!
05/25/2012,Men in Black 3,They are back... in time.
05/25/2012,Men in Black 3,Back to the past... to save the future
05/25/2012,Men in Black 3,"This summer, he'll have to find the answers... in time."
05/25/2012,Men in Black 3,Back in time to save the future
06/08/2012,Prometheus,The search for our beginning could lead to our end
06/08/2012,Prometheus,They went looking for our beginning. What they found could be our end.
06/08/2012,Prometheus,We came from them. They will come for us.
06/08/2012,Prometheus,We Are All Born of Giants
06/08/2012,Prometheus,Do Not Question the Creator
06/08/2012,Prometheus,In the Heavens they found Hell
06/08/2012,Prometheus,Search for Life. Pray for Death
06/08/2012,Prometheus,Welcome to Immortality
06/08/2012,Prometheus,Discover what Mankind was never meant to see
06/08/2012,Prometheus,The Origin of Man is not on Earth
06/08/2012,Prometheus,Fear Your Maker
06/08/2012,Prometheus,The Director of the Original Alien takes you back to the Beginning
06/08/2012,Prometheus,Everything has a Beginning
06/08/2012,Prometheus,Creation Begins 06.08.12
06/08/2012,Prometheus,The Truth is not of this World
06/08/2012,Prometheus,Prepare for the Dawn of Creation
06/08/2012,Prometheus,The Dawn of Creation
06/08/2012,Prometheus,Seek and you shall Find
06/08/2012,Prometheus,They Are Perfect
06/08/2012,Prometheus,Death Has A Beginning
06/08/2012,Prometheus,God is Unknown. They Are Real.
06/08/2012,Prometheus,Get Back to the Ship
06/08/2012,Prometheus,There are Places where Life should not Exist
06/08/2012,Prometheus,They Aren't After You. They Are Inside You.
06/08/2012,Prometheus,They Are Us
06/08/2012,Prometheus,Nothing and No One but Them
07/03/2012,The Amazing Spider-Man,The untold story begins.
07/03/2012,The Amazing Spider-Man,His past was kept from him. His search for answers has just begun.
07/20/2012,The Dark Knight Rises,The Legend Ends
07/20/2012,The Dark Knight Rises,A Fire Will Rise
07/20/2012,The Dark Knight Rises,Rise
07/20/2012,The Dark Knight Rises,Why Do We Fall?
07/20/2012,The Dark Knight Rises,Legend
07/20/2012,The Dark Knight Rises,Welcome to the Reckoning
07/20/2012,The Dark Knight Rises,The Fire Rises
07/20/2012,The Dark Knight Rises,It's Always The Darkest Before The Dawn
07/20/2012,The Dark Knight Rises,Every Legend Has An End
07/20/2012,The Dark Knight Rises,Hope is Lost. Faith is Broken. A Fire Will Rise.
07/20/2012,The Dark Knight Rises,Let the Games Begin
07/20/2012,The Dark Knight Rises,Every Hero has a Journey. Every Journey has an End.
09/21/2012,Dredd,Judgment is coming
12/14/2012,The Hobbit: An Unexpected Journey,From the smallest beginnings come the greatest legends.
12/14/2012,The Hobbit: An Unexpected Journey,One journey started it all.
04/19/2013,Oblivion,Earth is a memory worth fighting for.
05/03/2013,Iron Man 3,Prepare for heavy metal!
05/03/2013,Iron Man 3,Unleash the power behind the armor.
05/03/2013,Iron Man 3,Even heroes fall.
05/16/2013,Star Trek Into Darkness,"Beyond the darkness, lies greatness."
05/16/2013,Star Trek Into Darkness,"In our darkest hour, when our leaders have fallen, a hero will rise."
05/16/2013,Star Trek Into Darkness,They have one chance to save us all
05/16/2013,Star Trek Into Darkness,Earth will fall
06/14/2013,Man of Steel,Accomplish Wonder.
07/03/2013,The Lone Ranger,Never Take Off the Mask
07/03/2013,The Lone Ranger,Discover the Untold Story of an American Legend.
07/19/2013,R.I.P.D.,To protect and serve the living
07/19/2013,R.I.P.D.,They're defending our world one soul at a time.
07/19/2013,Red 2,The best never rest.
07/19/2013,Red 2,"They're ex-CIA, but they're back in action."
07/26/2013,The Wolverine,"When he's most vulnerable, he's most dangerous."
07/26/2013,The Wolverine,The hero. The fugitive. The warrior. The survivor. The legend.
07/26/2013,The Wolverine,The fight of his life will be for his own.
07/26/2013,The Wolverine,When enemies rise... when immortality ends... the ultimate battle begins.
08/02/2013,2 Guns,"2 Guns, 1 Bank."
08/16/2013,Kick-Ass 2,You Can't Fight Your Destiny.
11/08/2013,Thor: The Dark World,There was darkness.
12/13/2013,The Hobbit: The Desolation of Smaug,Beyond darkness... beyond desolation... lies the greatest danger of all.
02/12/2014,RoboCop (2014),We've got the future under control.
02/12/2014,RoboCop (2014),Your move
02/12/2014,RoboCop (2014),Crime has a new enemy.
04/04/2014,Captain America: The Winter Soldier,In heroes we trust.
05/02/2014,The Amazing Spider-Man 2,No more secrets.
05/02/2014,The Amazing Spider-Man 2,His greatest battle begins.
05/02/2014,The Amazing Spider-Man 2,Rise of Electro
05/23/2014,X-Men: Days of Future Past,His past. Our future.
05/23/2014,X-Men: Days of Future Past,"Every hero, every power will unite."
05/23/2014,X-Men: Days of Future Past,The future begins.
06/27/2014,Snowpiercer,AD 2031: the passengers in the train are the only survivors on Earth.
06/27/2014,Snowpiercer,Fight your way to the front
06/27/2014,Snowpiercer,We move forward
06/27/2014,Transformers: Age of Extinction,Prepare for extinction.
06/27/2014,Transformers: Age of Extinction,The rules have changed
06/27/2014,Transformers: Age of Extinction,Stand together or face extinction.
06/27/2014,Transformers: Age of Extinction,"This is not war, it's extinction"
07/11/2014,Dawn of the Planet of the Apes,One last chance for peace.
07/25/2014,Hercules,"Before he was a legend, he was a man."
07/25/2014,Hercules,Discover the truth behind the legend
08/01/2014,Guardians of the Galaxy,You're welcome.
08/01/2014,Guardians of the Galaxy,All heroes start somewhere.
08/01/2014,Guardians of the Galaxy,"When things get bad, they'll do their worst."
08/08/2014,Teenage Mutant Ninja Turtles (2014),The leader. The brains. The attitude. And Mikey.
08/08/2014,Teenage Mutant Ninja Turtles (2014),Mysterious. Dangerous. Reptilious. You've never seen heroes like this.
08/08/2014,Teenage Mutant Ninja Turtles (2014),Meet the new face of justice.
08/08/2014,Teenage Mutant Ninja Turtles (2014),Brothers become legends.
12/17/2014,The Hobbit: The Battle of the Five Armies,The Defining Chapter
12/17/2014,The Hobbit: The Battle of the Five Armies,Witness the defining chapter of the Middle-Earth saga.
12/17/2014,The Hobbit: The Battle of the Five Armies,The epic conclusion to 'The Hobbit' trilogy.
01/23/2015,Strange Magic,For ages two worlds lived divided: the magical and the mysterious. Until someone crossed the line...
01/23/2015,Strange Magic,They're as different as night and day. But sometimes even enemies just need a little magic.
01/23/2015,Strange Magic,Everyone deserves to be loved.
01/23/2015,Strange Magic,From the mind of George Lucas
02/13/2015,Kingsman: The Secret Service,Manners maketh man.
05/01/2015,Avengers: Age of Ultron,A new age begins
05/15/2015,Mad Max: Fury Road,WHAT A LOVELY DAY
05/15/2015,Mad Max: Fury Road,Only the mad survive.
05/15/2015,Mad Max: Fury Road,THE FUTURE BELONGS TO THE MAD
05/15/2015,Mad Max: Fury Road,"Oh, what a day! WHAT A LOVELY DAY!"
06/12/2015,Jurassic World,The park is open.
07/01/2015,Terminator Genisys,The rules have been reset.
07/01/2015,Terminator Genisys,He's Back.
07/01/2015,Terminator Genisys,New Mission. New Fate.
07/01/2015,Terminator Genisys,Reset the Future.
07/17/2015,Ant-Man,Heroes don't get any bigger.
07/17/2015,Ant-Man,No shield. No armor. No problem.
08/07/2015,Fantastic Four (2015),Change is coming.
08/07/2015,Fantastic Four (2015),"When you change the world, prepare to defend it."
08/07/2015,Fantastic Four (2015),Beyond darkness... beyond fear... lies the fantastic.
12/18/2015,Star Wars: The Force Awakens,Every generation has a story.
12/18/2015,Star Wars: The Force Awakens,Coming to your galaxy this winter.
12/18/2015,Star Wars: The Force Awakens,The force is calling to you. Just let it in.
12/18/2015,Star Wars: The Force Awakens,"A long time ago in a galaxy far, far away..."
02/12/2016,Deadpool,With great power comes great irresponsibility.
02/12/2016,Deadpool,Witness the beginning of a happy ending
02/12/2016,Deadpool,Bad ass. Smart ass. Great ass.
02/12/2016,Deadpool,A new class of superhero.
02/12/2016,Deadpool,Sit on this
02/12/2016,Deadpool,Wait 'til you get a load of me
02/12/2016,Deadpool,Size matters
02/12/2016,Deadpool,Feel the love Valentine's Day
02/12/2016,Deadpool,Justice has a new face
02/12/2016,Deadpool,"They messed with his face and kidnapped his girl. He's not used to being a hero, but he'll give it a whirl."
03/25/2016,Batman v Superman: Dawn of Justice,Who will win?
05/06/2016,Captain America: Civil War,Divided We Fall
05/06/2016,Captain America: Civil War,Whose side are you on?
05/06/2016,Captain America: Civil War,United we stand. Divided we fall
05/27/2016,X-Men: Apocalypse,Prepare for the Apocalypse.
05/27/2016,X-Men: Apocalypse,Only the strong will survive
05/27/2016,X-Men: Apocalypse,Defend
05/27/2016,X-Men: Apocalypse,Destroy
06/03/2016,Teenage Mutant Ninja Turtles: Out of the Shadows,Raise some shell.
06/03/2016,Teenage Mutant Ninja Turtles: Out of the Shadows,Only one team can defend us all.
06/03/2016,Teenage Mutant Ninja Turtles: Out of the Shadows,Brawl with Bebop. Run with Rocksteady.
08/05/2016,Suicide Squad,Justice has a bad side.
08/05/2016,Suicide Squad,Worst. Heroes. Ever.
08/05/2016,Suicide Squad,We need them bad.
08/05/2016,Suicide Squad,In squad we trust
08/05/2016,Suicide Squad,Good Night
08/05/2016,Suicide Squad,It feels good to be bad.
11/04/2016,Doctor Strange,Open your mind. Change your reality.
11/04/2016,Doctor Strange,Question reality. Change your destiny.
11/04/2016,Doctor Strange,The impossibilities are endless.
11/04/2016,Doctor Strange,Expand your mind
11/04/2016,Doctor Strange,Open your mind
11/18/2016,Fantastic Beasts and Where to Find Them,From J.K. Rowling's wizarding world.
11/18/2016,Fantastic Beasts and Where to Find Them,J.K. Rowling invites you to a new era of the wizarding world.
11/18/2016,Fantastic Beasts and Where to Find Them,Explore a new era of J.K. Rowling's wizarding world.
11/18/2016,Fantastic Beasts and Where to Find Them,What would you do if your beasts escaped?
11/18/2016,Fantastic Beasts and Where to Find Them,Where did the beasts hide?
11/18/2016,Fantastic Beasts and Where to Find Them,Explore a new era of the wizarding world before Harry Potter.
12/16/2016,Rogue One: A Star Wars Story,A rebellion built on hope.
12/16/2016,Rogue One: A Star Wars Story,Save the Rebellion. Save the dream.
02/10/2017,The Lego Batman Movie,Always be yourself. Unless you can be Batman.
02/10/2017,The Lego Batman Movie,Who says bats can't swim?
02/10/2017,The Lego Batman Movie,Checkin' out these sick beats
02/10/2017,The Lego Batman Movie,"Hey 'puter, I'm home"
02/10/2017,The Lego Batman Movie,Always be yourself... unless you can be Batman
02/10/2017,The Lego Batman Movie,I have aged phenomenally
02/10/2017,The Lego Batman Movie,Do I have sunburn or am I always this hot?
02/10/2017,The Lego Batman Movie,He's taking them under his wing... of awesomeness!
02/10/2017,The Lego Batman Movie,He's Rogue Too
03/03/2017,Logan,His time has come
03/03/2017,Logan,One Last Time.
03/24/2017,Power Rangers,Back to action!
03/24/2017,Power Rangers,Together we are more
03/24/2017,Power Rangers,Go go
03/24/2017,Power Rangers,It's morphin time!
05/05/2017,Guardians of the Galaxy Vol. 2,"This summer, the galaxy won't save itself."
05/05/2017,Guardians of the Galaxy Vol. 2,Obviously.
05/05/2017,Guardians of the Galaxy Vol. 2,Anyone can save the galaxy once.
05/05/2017,Guardians of the Galaxy Vol. 2,You only get one chance to save the galaxy twice.
05/19/2017,Alien: Covenant,Run
05/19/2017,Alien: Covenant,The path to paradise begins in hell.
05/19/2017,Alien: Covenant,Hide
05/19/2017,Alien: Covenant,Scream
05/19/2017,Alien: Covenant,Pray
05/19/2017,Alien: Covenant,Discover the Origin of Terror.
05/19/2017,Alien: Covenant,The Beginning of a Nightmare.
05/19/2017,Alien: Covenant,Witness the Creation of Fear.
05/19/2017,Alien: Covenant,Big things have small beginnings.
05/26/2017,Pirates of the Caribbean: Dead Men Tell No Tales,All pirates must die.
06/02/2017,Wonder Woman,Power. Grace. Wisdom. Wonder.
06/02/2017,Wonder Woman,Wonder. Power. Courage.
06/02/2017,Wonder Woman,The future of justice begins with her
06/21/2017,Transformers: The Last Knight,Rethink your heroes
06/21/2017,Transformers: The Last Knight,Every legend hides a secret
06/21/2017,Transformers: The Last Knight,There comes a moment when we are called upon to make a difference.
06/21/2017,Transformers: The Last Knight,"For one world to live, the other must die."
06/21/2017,Transformers: The Last Knight,They have been here forever.
07/07/2017,Spider-Man: Homecoming,Homework can wait. The city can't.
07/14/2017,War for the Planet of the Apes,For freedom. For family. For the planet.
09/22/2017,Kingsman: The Golden Circle,Reports of my death have been greatly exaggerated.
11/03/2017,Thor: Ragnarok,No Hammer. No Problem.
11/03/2017,Thor: Ragnarok,Thunder Will Reign.
11/03/2017,Thor: Ragnarok,Let The Games Begin
11/17/2017,Justice League,Unite
11/17/2017,Justice League,Justice for all.
11/17/2017,Justice League,Unite the League.
11/17/2017,Justice League,You can't save the world alone.
11/17/2017,Justice League,All In
11/17/2017,Justice League,Stronger together in IMAX.
12/15/2017,Star Wars: The Last Jedi,Let the Past Die
12/15/2017,Star Wars: The Last Jedi,Always in Motion is the Future
12/15/2017,Star Wars: The Last Jedi,Light Years Ahead. Discover Dolby Cinema.
02/16/2018,Black Panther,Long live the king.
02/16/2018,Black Panther,Hero. Legend. King.
02/16/2018,Black Panther,A king will rise.
02/16/2018,Black Panther,The Avengers have a new king.
02/16/2018,Black Panther,All Hail the King.
02/16/2018,Black Panther,Respect The Throne
02/16/2018,Black Panther,His father's legacy. His people's rage. Her king's love. Her nation's honor. His country's orders. His nation's security. His enemy's revenge. Her son's survival. His king's commands. Her brother's keeper. His people's pride.
03/29/2018,Ready Player One,A better reality awaits.
03/29/2018,Ready Player One,Break Free
03/29/2018,Ready Player One,An adventure too big for the real world
03/29/2018,Ready Player One,Accept your reality... or fight for a better one.
03/29/2018,Ready Player One,A world at stake. A quest for the ultimate prize. ARE YOU READY?
04/27/2018,Avengers: Infinity War,An entire universe. Once and for all.
04/27/2018,Avengers: Infinity War,Destiny arrives.
04/27/2018,Avengers: Infinity War,"Where will you be, when it all ends?"
05/18/2018,Deadpool 2,Prepare for the second coming.
05/18/2018,Deadpool 2,Be the first to see the second coming.
05/18/2018,Deadpool 2,The second coming.
05/18/2018,Deadpool 2,Their biggest adventure hits the biggest screen.
05/18/2018,Deadpool 2,You never forget your second time.
05/18/2018,Deadpool 2,He's not coming alone.
05/18/2018,Deadpool 2,From the studio that killed Wolverine.
05/25/2018,Solo: A Star Wars Story,Never tell him the odds.
06/15/2018,Incredibles 2,"It's been too long, dahlings."
06/15/2018,Incredibles 2,Back to work.
06/15/2018,Incredibles 2,Almost ready.
06/15/2018,Incredibles 2,Suit up.
06/22/2018,Jurassic World: Fallen Kingdom,Life finds a way.
06/22/2018,Jurassic World: Fallen Kingdom,The park is gone.
06/22/2018,Jurassic World: Fallen Kingdom,Off the Island. Into your Home.
06/22/2018,Jurassic World: Fallen Kingdom,The Next Stage of Evolution.
07/06/2018,Ant-Man and the Wasp,Real heroes. Not actual size.
07/27/2018,Teen Titans Go! To the Movies,It's about courage. It's about action. It's the super hero movie to end all super hero movies... Hopefully.
07/27/2018,Teen Titans Go! To the Movies,"Because if Aquaman can get a movie, anyone can."
07/27/2018,Teen Titans Go! To the Movies,They can't save the world... at all
09/14/2018,The Predator,You'll never see him coming.
09/14/2018,The Predator,The Hunt has Evolved
09/14/2018,The Predator,Hunting season opens.
09/14/2018,The Predator,The Hunt is Bigger.
09/14/2018,The Predator,Join the Hunt in 2018.
10/05/2018,Venom,Embrace your inner anti-hero.
10/05/2018,Venom,The world has enough Superheroes.
10/05/2018,Venom,We Are...
11/16/2018,Fantastic Beasts: The Crimes of Grindelwald,The fate of one will change the future of all.
11/16/2018,Fantastic Beasts: The Crimes of Grindelwald,Who will change the future?
12/14/2018,Spider-Man: Into the Spider-Verse,Enter a universe where more than one wears the mask.
12/14/2018,Spider-Man: Into the Spider-Verse,What makes you different is what makes you Spider-Man.
12/21/2018,Aquaman,Home is calling.
12/21/2018,Aquaman,A tide is coming.
12/21/2018,Aquaman,He's not from around here.
12/21/2018,Bumblebee,Every adventure has a beginning
12/21/2018,Bumblebee,Every Hero Has a Beginning
01/25/2019,Polar,"If the Job doesn't kill you, Retirement will."
03/08/2019,Captain Marvel,Discover what makes a (her)o.
03/08/2019,Captain Marvel,Higher. Further. Faster.
03/08/2019,Captain Marvel,Everything begins with a (her)o.
04/05/2019,Shazam!,"If you want to save the world, say the magic word."
04/05/2019,Shazam!,Just say the word.
04/05/2019,Shazam!,He's not so serious
04/05/2019,Shazam!,Every Hero Has A Secret
04/05/2019,Shazam!,Just Say the Word.
04/12/2019,Hellboy (2019),Demons Have Demons Too.
04/12/2019,Hellboy (2019),Legendary AF
04/12/2019,Hellboy (2019),"This April, raise some hell."
04/12/2019,Hellboy (2019),Raise Some Hell
04/12/2019,Hellboy (2019),Give Evil Hell
04/12/2019,Hellboy (2019),Save the World for the Hell of It
04/12/2019,Hellboy (2019),"Mess With The Devil, You Get The Horns"
04/12/2019,Hellboy (2019),One Hell of a Superhero
04/12/2019,Hellboy (2019),Demon. Hero. Hellboy.
04/12/2019,Hellboy (2019),"When The World Needed Superheroes, We Got What We Deserved."
04/12/2019,Hellboy (2019),Meet Your New Hero
04/12/2019,Hellboy (2019),He's got demons.
04/12/2019,Hellboy (2019),Darkness calls.
04/26/2019,Avengers: Endgame,Avenge the fallen.
04/26/2019,Avengers: Endgame,Nothing can prepare you for the end.
04/26/2019,Avengers: Endgame,Whatever It Takes!
04/26/2019,Avengers: Endgame,Part of the journey is the end.
06/07/2019,Dark Phoenix,A Phoenix will rise. The X-Men will fall.
06/07/2019,Dark Phoenix,Every Hero Has a Dark Side
06/07/2019,Dark Phoenix,The Phoenix will rise.
06/07/2019,Dark Phoenix,The X-Men's Final Battle will be Their Greatest.
06/14/2019,Men in Black: International,The Universe is Expanding
06/14/2019,Men in Black: International,The world's not going to save itself
10/04/2019,Joker,Put on a happy face.
11/01/2019,Terminator: Dark Fate,Welcome to the Day after Judgment Day.
11/01/2019,Terminator: Dark Fate,Choose Your Fate.
12/20/2019,Star Wars: The Rise of Skywalker,Every Generation Has A Legend.
12/20/2019,Star Wars: The Rise of Skywalker,The Saga Concludes.
12/20/2019,Star Wars: The Rise of Skywalker,No one's ever really gone.
12/20/2019,Star Wars: The Rise of Skywalker,The saga comes to an end. the story lives forever
02/07/2020,Birds of Prey (and the Fantabulous Emancipation of One Harley Quinn),Mind Over Mayhem
02/07/2020,Birds of Prey (and the Fantabulous Emancipation of One Harley Quinn),Prey for Gotham!
02/07/2020,Birds of Prey (and the Fantabulous Emancipation of One Harley Quinn),Mayhem at its finest!
02/07/2020,Birds of Prey (and the Fantabulous Emancipation of One Harley Quinn),"Gotham's worst brings out their best. Meet Harley Quinn, Black Canary, Huntress, Renee Montoya, and Cassandra Cain."
03/13/2020,Bloodshot,Being a hero is in his blood.
03/13/2020,Bloodshot,You Don't Need a Past to Have a Future
07/10/2020,The Old Guard,Forever is Harder Than It Looks
07/10/2020,The Old Guard,Whatever it takes.
08/28/2020,The New Mutants,Everyone has demons.
08/28/2020,The New Mutants,There is something new to fear.
08/28/2020,The New Mutants,It's time to face your demons.
08/28/2020,The New Mutants,Power this big can't be contained.
08/28/2020,The New Mutants,Hell has frozen over.
08/28/2020,The New Mutants,They will never let you out.
12/25/2020,Wonder Woman 1984,A new era of wonder begins.
03/18/2021,Zack Snyder's Justice League,Us United
07/09/2021,Black Widow,She's Done Running From Her Past.
07/09/2021,Black Widow,Go back to where it all began!
07/09/2021,Black Widow,Her World. Her Secrets. Her Legacy.
08/05/2021,The Suicide Squad,They're dying to save the world.
08/05/2021,The Suicide Squad,Don't get too attached.
08/05/2021,The Suicide Squad,Boom.
09/03/2021,Shang-Chi and the Legend of the Ten Rings,A Marvel legend will rise.
11/05/2021,Eternals,In the beginning...
11/05/2021,Eternals,The Marvel Universe becomes Eternal.
11/05/2021,Eternals,The end was just the beginning.
12/17/2021,Spider-Man: No Way Home,The Multiverse Unleashed.
12/22/2021,The Matrix Resurrections,"It's been another life, beyond the one..."
12/22/2021,The Matrix Resurrections,The choice is yours.
12/22/2021,The Matrix Resurrections,Return to the source.
12/22/2021,The Matrix Resurrections,Re-enter.